run_id,experiment_id,status,artifact_uri,start_time,end_time,metrics.rouge2,metrics.system_cpu_utilization_percent,metrics.system_memory_usage_mb,metrics.rouge1,metrics.avg_latency_sec,metrics.rougeL,metrics.system_memory_increment_mb,metrics.best_rougeL,params.do_sample,params.length_penalty,params.max_length,params.min_length,params.num_beams,params.orchestrator,params.trial_number,params.tuning_samples,params.n_trials,params.best_length_penalty,params.best_num_beams,params.model_name,params.status,params.dataset_size,params.device,tags.mlflow.source.type,tags.mlflow.user,tags.mlflow.runName,tags.mlflow.source.name,tags.mlflow.parentRunId
dc1e2ad4dad14dc4b1661460ce6808fc,1,FINISHED,file:D:/Alliance University/Sem-3/Machine Learning Operations/project_august/Text-summarization/mlruns/1/dc1e2ad4dad14dc4b1661460ce6808fc/artifacts,2026-08-17 17:17:06.137000+00:00,2026-08-17 17:18:39.072000+00:00,0.18966332486878468,48.52916666666667,1801.1953125,0.41161254363170513,8.42084115743637,0.28640608144024654,316.43359375,,False,0.8773528268111859,142,30,4,,,,,,,,,,,LOCAL,Mahi,zenml_deploy,D:\Alliance University\Sem-3\Machine Learning Operations\project_august\Text-summarization\src\zenml_pipeline.py,
b9f894e48d6441d78e1c3c966ccbe060,1,FINISHED,file:D:/Alliance University/Sem-3/Machine Learning Operations/project_august/Text-summarization/mlruns/1/b9f894e48d6441d78e1c3c966ccbe060/artifacts,2026-08-17 17:11:05.725000+00:00,2026-08-17 17:14:06.302000+00:00,,48.05,1493.06640625,,,0.27174772310229944,4.55859375,,,0.7327833280124011,,,3,zenml,19,,,,,,,,,LOCAL,Mahi,zenml_trial_19,D:\Alliance University\Sem-3\Machine Learning Operations\project_august\Text-summarization\src\zenml_pipeline.py,f900f71975264ca0b0523279ecfdcc94
51025bb5fe434990ada75c3c69e85c29,1,FINISHED,file:D:/Alliance University/Sem-3/Machine Learning Operations/project_august/Text-summarization/mlruns/1/51025bb5fe434990ada75c3c69e85c29/artifacts,2026-08-17 17:07:34.863000+00:00,2026-08-17 17:11:05.523000+00:00,,49.73636363636364,1737.07421875,,,0.28503176859666823,0.0,,,1.046331305276137,,,4,zenml,18,,,,,,,,,LOCAL,Mahi,zenml_trial_18,D:\Alliance University\Sem-3\Machine Learning Operations\project_august\Text-summarization\src\zenml_pipeline.py,f900f71975264ca0b0523279ecfdcc94
771e00eadca9468aafd2cc59f5f927a6,1,FINISHED,file:D:/Alliance University/Sem-3/Machine Learning Operations/project_august/Text-summarization/mlruns/1/771e00eadca9468aafd2cc59f5f927a6/artifacts,2026-08-17 17:05:43.783000+00:00,2026-08-17 17:07:34.697000+00:00,,47.75454545454545,1737.53515625,,,0.2839915550211431,0.078125,,,2.4996640459573927,,,4,zenml,17,,,,,,,,,LOCAL,Mahi,zenml_trial_17,D:\Alliance University\Sem-3\Machine Learning Operations\project_august\Text-summarization\src\zenml_pipeline.py,f900f71975264ca0b0523279ecfdcc94
0811d183422f44ae95030866e13cc7e7,1,FINISHED,file:D:/Alliance University/Sem-3/Machine Learning Operations/project_august/Text-summarization/mlruns/1/0811d183422f44ae95030866e13cc7e7/artifacts,2026-08-17 17:04:24.938000+00:00,2026-08-17 17:05:43.617000+00:00,,47.45,1738.44921875,,,0.27330848118479667,1.6875,,,0.8817713462702175,,,3,zenml,16,,,,,,,,,LOCAL,Mahi,zenml_trial_16,D:\Alliance University\Sem-3\Machine Learning Operations\project_august\Text-summarization\src\zenml_pipeline.py,f900f71975264ca0b0523279ecfdcc94
89452c57957249afb7ebc4c3ed17f33a,1,FINISHED,file:D:/Alliance University/Sem-3/Machine Learning Operations/project_august/Text-summarization/mlruns/1/89452c57957249afb7ebc4c3ed17f33a/artifacts,2026-08-17 17:02:28.867000+00:00,2026-08-17 17:04:24.770000+00:00,,47.86363636363637,1736.76171875,,,0.28640608144024654,135.55859375,,,0.8901293212754186,,,4,zenml,15,,,,,,,,,LOCAL,Mahi,zenml_trial_15,D:\Alliance University\Sem-3\Machine Learning Operations\project_august\Text-summarization\src\zenml_pipeline.py,f900f71975264ca0b0523279ecfdcc94
9209926aa3d74a7fb3c1796a60ef9ba5,1,FINISHED,file:D:/Alliance University/Sem-3/Machine Learning Operations/project_august/Text-summarization/mlruns/1/9209926aa3d74a7fb3c1796a60ef9ba5/artifacts,2026-08-17 16:59:27.848000+00:00,2026-08-17 17:02:28.690000+00:00,,48.25,1673.5390625,,,0.27330848118479667,70.4453125,,,0.9137207579353116,,,3,zenml,14,,,,,,,,,LOCAL,Mahi,zenml_trial_14,D:\Alliance University\Sem-3\Machine Learning Operations\project_august\Text-summarization\src\zenml_pipeline.py,f900f71975264ca0b0523279ecfdcc94
25e2f3effcb44d28a805de29da4ca239,1,FINISHED,file:D:/Alliance University/Sem-3/Machine Learning Operations/project_august/Text-summarization/mlruns/1/25e2f3effcb44d28a805de29da4ca239/artifacts,2026-08-17 16:55:15.546000+00:00,2026-08-17 16:59:27.654000+00:00,,48.13181818181818,1734.74609375,,,0.28640608144024654,0.0,,,0.8773528268111859,,,4,zenml,13,,,,,,,,,LOCAL,Mahi,zenml_trial_13,D:\Alliance University\Sem-3\Machine Learning Operations\project_august\Text-summarization\src\zenml_pipeline.py,f900f71975264ca0b0523279ecfdcc94
b18efeee4cca457d8321864a20dac7fa,1,FINISHED,file:D:/Alliance University/Sem-3/Machine Learning Operations/project_august/Text-summarization/mlruns/1/b18efeee4cca457d8321864a20dac7fa/artifacts,2026-08-17 16:51:27.994000+00:00,2026-08-17 16:55:15.344000+00:00,,48.06818181818182,1737.60546875,,,0.2848453233577493,0.0,,,0.8219037730072395,,,4,zenml,12,,,,,,,,,LOCAL,Mahi,zenml_trial_12,D:\Alliance University\Sem-3\Machine Learning Operations\project_august\Text-summarization\src\zenml_pipeline.py,f900f71975264ca0b0523279ecfdcc94
fb05d955250548d6a338eebf4834c896,1,FINISHED,file:D:/Alliance University/Sem-3/Machine Learning Operations/project_august/Text-summarization/mlruns/1/fb05d955250548d6a338eebf4834c896/artifacts,2026-08-17 16:49:35.977000+00:00,2026-08-17 16:51:27.830000+00:00,,48.08636363636364,1737.69921875,,,0.28431502032744627,0.65234375,,,0.5019112507800834,,,4,zenml,11,,,,,,,,,LOCAL,Mahi,zenml_trial_11,D:\Alliance University\Sem-3\Machine Learning Operations\project_august\Text-summarization\src\zenml_pipeline.py,f900f71975264ca0b0523279ecfdcc94
b60fa0f4af7142d787c8423e8970d986,1,FINISHED,file:D:/Alliance University/Sem-3/Machine Learning Operations/project_august/Text-summarization/mlruns/1/b60fa0f4af7142d787c8423e8970d986/artifacts,2026-08-17 16:46:41+00:00,2026-08-17 16:49:35.820000+00:00,,46.449999999999996,1737.0390625,,,0.28431502032744627,245.25,,,0.5812688391517438,,,4,zenml,10,,,,,,,,,LOCAL,Mahi,zenml_trial_10,D:\Alliance University\Sem-3\Machine Learning Operations\project_august\Text-summarization\src\zenml_pipeline.py,f900f71975264ca0b0523279ecfdcc94
46c4105a4aa24b808543c68216779896,1,FINISHED,file:D:/Alliance University/Sem-3/Machine Learning Operations/project_august/Text-summarization/mlruns/1/46c4105a4aa24b808543c68216779896/artifacts,2026-08-17 16:44:38.174000+00:00,2026-08-17 16:46:40.653000+00:00,,52.027272727272724,1519.15234375,,,0.2689266177126129,23.87890625,,,1.3113668186774214,,,1,zenml,9,,,,,,,,,LOCAL,Mahi,zenml_trial_9,D:\Alliance University\Sem-3\Machine Learning Operations\project_august\Text-summarization\src\zenml_pipeline.py,f900f71975264ca0b0523279ecfdcc94
2189bb330f514418a165b824431b2c14,1,FINISHED,file:D:/Alliance University/Sem-3/Machine Learning Operations/project_august/Text-summarization/mlruns/1/2189bb330f514418a165b824431b2c14/artifacts,2026-08-17 16:42:35.464000+00:00,2026-08-17 16:44:37.979000+00:00,,47.195454545454545,1601.73046875,,,0.2689266177126129,0.0,,,0.5298232324230101,,,1,zenml,8,,,,,,,,,LOCAL,Mahi,zenml_trial_8,D:\Alliance University\Sem-3\Machine Learning Operations\project_august\Text-summarization\src\zenml_pipeline.py,f900f71975264ca0b0523279ecfdcc94
59748cf810a44486ad424e852f5ef142,1,FINISHED,file:D:/Alliance University/Sem-3/Machine Learning Operations/project_august/Text-summarization/mlruns/1/59748cf810a44486ad424e852f5ef142/artifacts,2026-08-17 16:39:35.056000+00:00,2026-08-17 16:42:35.240000+00:00,,48.01818181818182,1674.21484375,,,0.26753128022834666,177.79296875,,,2.210084345101501,,,3,zenml,7,,,,,,,,,LOCAL,Mahi,zenml_trial_7,D:\Alliance University\Sem-3\Machine Learning Operations\project_august\Text-summarization\src\zenml_pipeline.py,f900f71975264ca0b0523279ecfdcc94
49f2c58cc351401996a2fc5b850ce787,1,FINISHED,file:D:/Alliance University/Sem-3/Machine Learning Operations/project_august/Text-summarization/mlruns/1/49f2c58cc351401996a2fc5b850ce787/artifacts,2026-08-17 16:37:33.524000+00:00,2026-08-17 16:39:34.866000+00:00,,48.57727272727273,1954.41015625,,,0.2689266177126129,1.8671875,,,1.5572760739533267,,,1,zenml,6,,,,,,,,,LOCAL,Mahi,zenml_trial_6,D:\Alliance University\Sem-3\Machine Learning Operations\project_august\Text-summarization\src\zenml_pipeline.py,f900f71975264ca0b0523279ecfdcc94
7e95d05046c446919bd12ad53fa20052,1,FINISHED,file:D:/Alliance University/Sem-3/Machine Learning Operations/project_august/Text-summarization/mlruns/1/7e95d05046c446919bd12ad53fa20052/artifacts,2026-08-17 16:35:32.198000+00:00,2026-08-17 16:37:33.333000+00:00,,47.39545454545455,1958.14453125,,,0.2689266177126129,0.0,,,1.1971123101297838,,,1,zenml,5,,,,,,,,,LOCAL,Mahi,zenml_trial_5,D:\Alliance University\Sem-3\Machine Learning Operations\project_august\Text-summarization\src\zenml_pipeline.py,f900f71975264ca0b0523279ecfdcc94
ef35e46cce6d4c75815bd2eca86a83a3,1,FINISHED,file:D:/Alliance University/Sem-3/Machine Learning Operations/project_august/Text-summarization/mlruns/1/ef35e46cce6d4c75815bd2eca86a83a3/artifacts,2026-08-17 16:33:35.896000+00:00,2026-08-17 16:35:32.008000+00:00,,49.36363636363637,1959.5546875,,,0.28449331171855197,60.4921875,,,1.3598321341838524,,,4,zenml,4,,,,,,,,,LOCAL,Mahi,zenml_trial_4,D:\Alliance University\Sem-3\Machine Learning Operations\project_august\Text-summarization\src\zenml_pipeline.py,f900f71975264ca0b0523279ecfdcc94
2cf8171c66e44b58a9e794cbadf45d38,1,FINISHED,file:D:/Alliance University/Sem-3/Machine Learning Operations/project_august/Text-summarization/mlruns/1/2cf8171c66e44b58a9e794cbadf45d38/artifacts,2026-08-17 16:32:30.487000+00:00,2026-08-17 16:33:35.728000+00:00,,46.46818181818182,1900.984375,,,0.2599635635704943,8.109375,,,2.129137459724956,,,2,zenml,3,,,,,,,,,LOCAL,Mahi,zenml_trial_3,D:\Alliance University\Sem-3\Machine Learning Operations\project_august\Text-summarization\src\zenml_pipeline.py,f900f71975264ca0b0523279ecfdcc94
ccc4f96bfd844a119111abe50032f636,1,FINISHED,file:D:/Alliance University/Sem-3/Machine Learning Operations/project_august/Text-summarization/mlruns/1/ccc4f96bfd844a119111abe50032f636/artifacts,2026-08-17 16:31:40.684000+00:00,2026-08-17 16:32:30.338000+00:00,,51.38636363636363,1897.59765625,,,0.2689266177126129,0.0,,,1.214793202346037,,,1,zenml,2,,,,,,,,,LOCAL,Mahi,zenml_trial_2,D:\Alliance University\Sem-3\Machine Learning Operations\project_august\Text-summarization\src\zenml_pipeline.py,f900f71975264ca0b0523279ecfdcc94
8fef07435cfb4962ae238748d3102a1b,1,FINISHED,file:D:/Alliance University/Sem-3/Machine Learning Operations/project_august/Text-summarization/mlruns/1/8fef07435cfb4962ae238748d3102a1b/artifacts,2026-08-17 16:30:34.650000+00:00,2026-08-17 16:31:40.490000+00:00,,47.459090909090904,1899.57421875,,,0.26167467038185876,0.06640625,,,1.6856991349080799,,,2,zenml,1,,,,,,,,,LOCAL,Mahi,zenml_trial_1,D:\Alliance University\Sem-3\Machine Learning Operations\project_august\Text-summarization\src\zenml_pipeline.py,f900f71975264ca0b0523279ecfdcc94
06feb838fcc54bd38ad173039eb61b0d,1,FINISHED,file:D:/Alliance University/Sem-3/Machine Learning Operations/project_august/Text-summarization/mlruns/1/06feb838fcc54bd38ad173039eb61b0d/artifacts,2026-08-17 16:28:59.907000+00:00,2026-08-17 16:30:34.446000+00:00,,50.38181818181818,2064.3515625,,,0.26753128022834666,0.0,,,2.1039341982986035,,,3,zenml,0,,,,,,,,,LOCAL,Mahi,zenml_trial_0,D:\Alliance University\Sem-3\Machine Learning Operations\project_august\Text-summarization\src\zenml_pipeline.py,f900f71975264ca0b0523279ecfdcc94
f900f71975264ca0b0523279ecfdcc94,1,FINISHED,file:D:/Alliance University/Sem-3/Machine Learning Operations/project_august/Text-summarization/mlruns/1/f900f71975264ca0b0523279ecfdcc94/artifacts,2026-08-17 16:28:59.026000+00:00,2026-08-17 17:14:06.730000+00:00,,,,,,,,0.28640608144024654,,,,,,zenml,,20,20,0.8773528268111859,4,sshleifer/distilbart-cnn-6-6,,,,LOCAL,Mahi,zenml_tuning_sshleifer_distilbart-cnn-6-6,D:\Alliance University\Sem-3\Machine Learning Operations\project_august\Text-summarization\src\zenml_pipeline.py,
afcac921b7044fa98786c24518b6f4ce,1,FAILED,file:D:/Alliance University/Sem-3/Machine Learning Operations/project_august/Text-summarization/mlruns/1/afcac921b7044fa98786c24518b6f4ce/artifacts,2026-08-17 16:19:30.423000+00:00,2026-08-17 16:20:04.452000+00:00,,,,,,,,,,1.717664302333144,,,4,zenml,0,,,,,,,,,LOCAL,Mahi,zenml_trial_0,D:\Alliance University\Sem-3\Machine Learning Operations\project_august\Text-summarization\src\zenml_pipeline.py,e3d318258ce94888ac86d36f9100d7a8
e3d318258ce94888ac86d36f9100d7a8,1,FAILED,file:D:/Alliance University/Sem-3/Machine Learning Operations/project_august/Text-summarization/mlruns/1/e3d318258ce94888ac86d36f9100d7a8/artifacts,2026-08-17 16:19:29.800000+00:00,2026-08-17 16:20:05.023000+00:00,,,,,,,,,,,,,,zenml,,20,20,,,sshleifer/distilbart-cnn-6-6,,,,LOCAL,Mahi,zenml_tuning_sshleifer_distilbart-cnn-6-6,D:\Alliance University\Sem-3\Machine Learning Operations\project_august\Text-summarization\src\zenml_pipeline.py,
9ee53b868edf45039733b877353e6083,1,FINISHED,file:D:/Alliance University/Sem-3/Machine Learning Operations/project_august/Text-summarization/mlruns/1/9ee53b868edf45039733b877353e6083/artifacts,2026-08-17 15:59:21.146000+00:00,2026-08-17 16:01:03.424000+00:00,0.18628814812302197,48.440909090909095,2943.6015625,0.4080564283570511,,0.2848973521225924,2.53515625,,,1.7442920542914895,,,4,,19,,,,,,,,,LOCAL,Mahi,trial_19,D:\Alliance University\Sem-3\Machine Learning Operations\project_august\Text-summarization\src\tune.py,9ff4a5765db54e8fa9bafbe37a6030f4
9342ee442de14147a49e23a98bd2b5e0,1,FINISHED,file:D:/Alliance University/Sem-3/Machine Learning Operations/project_august/Text-summarization/mlruns/1/9342ee442de14147a49e23a98bd2b5e0/artifacts,2026-08-17 15:57:29.866000+00:00,2026-08-17 15:59:21.022000+00:00,0.17329599567951184,47.18636363636363,2943.1484375,0.3996356842674865,,0.2678129183506198,0.0,,,2.1717739856147897,,,5,,18,,,,,,,,,LOCAL,Mahi,trial_18,D:\Alliance University\Sem-3\Machine Learning Operations\project_august\Text-summarization\src\tune.py,9ff4a5765db54e8fa9bafbe37a6030f4
19881bf6d5ec471a9bd4c88dbee2a19d,1,FINISHED,file:D:/Alliance University/Sem-3/Machine Learning Operations/project_august/Text-summarization/mlruns/1/19881bf6d5ec471a9bd4c88dbee2a19d/artifacts,2026-08-17 15:56:15.065000+00:00,2026-08-17 15:57:29.717000+00:00,0.17533807154962014,46.66363636363636,2943.26171875,0.3984339814026027,,0.2679942431913096,2.3984375,,,1.2138603632208507,,,3,,17,,,,,,,,,LOCAL,Mahi,trial_17,D:\Alliance University\Sem-3\Machine Learning Operations\project_august\Text-summarization\src\tune.py,9ff4a5765db54e8fa9bafbe37a6030f4
92b12dc79c5e4390b5801755912ff31e,1,FINISHED,file:D:/Alliance University/Sem-3/Machine Learning Operations/project_august/Text-summarization/mlruns/1/92b12dc79c5e4390b5801755912ff31e/artifacts,2026-08-17 15:54:32.062000+00:00,2026-08-17 15:56:14.931000+00:00,0.18628814812302197,46.71818181818182,2942.59765625,0.4080564283570511,,0.2848973521225924,4.296875,,,1.863850315944214,,,4,,16,,,,,,,,,LOCAL,Mahi,trial_16,D:\Alliance University\Sem-3\Machine Learning Operations\project_august\Text-summarization\src\tune.py,9ff4a5765db54e8fa9bafbe37a6030f4
9616f465556c4c9cbb15e1cece555187,1,FINISHED,file:D:/Alliance University/Sem-3/Machine Learning Operations/project_august/Text-summarization/mlruns/1/9616f465556c4c9cbb15e1cece555187/artifacts,2026-08-17 15:52:49.268000+00:00,2026-08-17 15:54:31.939000+00:00,0.18628814812302197,46.58181818181818,2942.5546875,0.4080564283570511,,0.2848973521225924,1.87890625,,,1.946134651741773,,,4,,15,,,,,,,,,LOCAL,Mahi,trial_15,D:\Alliance University\Sem-3\Machine Learning Operations\project_august\Text-summarization\src\tune.py,9ff4a5765db54e8fa9bafbe37a6030f4
7c5597a4142f42b6b12f494252fea958,1,FINISHED,file:D:/Alliance University/Sem-3/Machine Learning Operations/project_august/Text-summarization/mlruns/1/7c5597a4142f42b6b12f494252fea958/artifacts,2026-08-17 15:51:05.683000+00:00,2026-08-17 15:52:49.141000+00:00,0.18628814812302197,46.88636363636363,2942.33203125,0.4080564283570511,,0.2848973521225924,1.80078125,,,1.9231838481394758,,,4,,14,,,,,,,,,LOCAL,Mahi,trial_14,D:\Alliance University\Sem-3\Machine Learning Operations\project_august\Text-summarization\src\tune.py,9ff4a5765db54e8fa9bafbe37a6030f4
3fd70d7dc5f544ee8e815ef74d2fc5c0,1,FINISHED,file:D:/Alliance University/Sem-3/Machine Learning Operations/project_august/Text-summarization/mlruns/1/3fd70d7dc5f544ee8e815ef74d2fc5c0/artifacts,2026-08-17 15:49:19.922000+00:00,2026-08-17 15:51:05.533000+00:00,0.18628814812302197,49.2,2942.5,0.4080564283570511,,0.2848973521225924,2.8046875,,,1.9415474689873387,,,4,,13,,,,,,,,,LOCAL,Mahi,trial_13,D:\Alliance University\Sem-3\Machine Learning Operations\project_august\Text-summarization\src\tune.py,9ff4a5765db54e8fa9bafbe37a6030f4
c6c839052db24c7cb8760069f5f8f92c,1,FINISHED,file:D:/Alliance University/Sem-3/Machine Learning Operations/project_august/Text-summarization/mlruns/1/c6c839052db24c7cb8760069f5f8f92c/artifacts,2026-08-17 15:47:17.574000+00:00,2026-08-17 15:49:19.784000+00:00,0.17590095119371818,47.67727272727273,2943.30859375,0.4041738591867844,,0.27581020634270875,2.359375,,,1.5518158477887438,,,6,,12,,,,,,,,,LOCAL,Mahi,trial_12,D:\Alliance University\Sem-3\Machine Learning Operations\project_august\Text-summarization\src\tune.py,9ff4a5765db54e8fa9bafbe37a6030f4
716b2607df594bbba22e251dfa9fe3e0,1,FINISHED,file:D:/Alliance University/Sem-3/Machine Learning Operations/project_august/Text-summarization/mlruns/1/716b2607df594bbba22e251dfa9fe3e0/artifacts,2026-08-17 15:45:18.408000+00:00,2026-08-17 15:47:17.450000+00:00,0.17590095119371818,46.72727272727273,2943.21484375,0.4041738591867844,,0.27581020634270875,3.6953125,,,1.4170647935109566,,,6,,11,,,,,,,,,LOCAL,Mahi,trial_11,D:\Alliance University\Sem-3\Machine Learning Operations\project_august\Text-summarization\src\tune.py,9ff4a5765db54e8fa9bafbe37a6030f4
26bb2becfade4b2a999e42dc5299ef86,1,FINISHED,file:D:/Alliance University/Sem-3/Machine Learning Operations/project_august/Text-summarization/mlruns/1/26bb2becfade4b2a999e42dc5299ef86/artifacts,2026-08-17 15:44:03.649000+00:00,2026-08-17 15:45:18.275000+00:00,0.17533807154962014,46.654545454545456,2941.70703125,0.3975080554766768,,0.26753128022834666,0.89453125,,,1.679166812049946,,,3,,10,,,,,,,,,LOCAL,Mahi,trial_10,D:\Alliance University\Sem-3\Machine Learning Operations\project_august\Text-summarization\src\tune.py,9ff4a5765db54e8fa9bafbe37a6030f4
bed8a8cc7bb74d188983ef733241dccd,1,FINISHED,file:D:/Alliance University/Sem-3/Machine Learning Operations/project_august/Text-summarization/mlruns/1/bed8a8cc7bb74d188983ef733241dccd/artifacts,2026-08-17 15:42:10.520000+00:00,2026-08-17 15:44:03.441000+00:00,0.17329599567951184,46.74545454545455,2941.82421875,0.3996356842674865,,0.2678129183506198,4.7421875,,,2.3733388802117386,,,5,,9,,,,,,,,,LOCAL,Mahi,trial_9,D:\Alliance University\Sem-3\Machine Learning Operations\project_august\Text-summarization\src\tune.py,9ff4a5765db54e8fa9bafbe37a6030f4
5fe16287cdc844579c3abf8ab688d1b6,1,FINISHED,file:D:/Alliance University/Sem-3/Machine Learning Operations/project_august/Text-summarization/mlruns/1/5fe16287cdc844579c3abf8ab688d1b6/artifacts,2026-08-17 15:41:21.005000+00:00,2026-08-17 15:42:10.378000+00:00,0.16378962126558227,47.57727272727273,2938.19921875,0.3927522222071849,,0.2689266177126129,1.53125,,,2.125220269970728,,,1,,8,,,,,,,,,LOCAL,Mahi,trial_8,D:\Alliance University\Sem-3\Machine Learning Operations\project_august\Text-summarization\src\tune.py,9ff4a5765db54e8fa9bafbe37a6030f4
a3271a1a469d482ab42e54056db28716,1,FINISHED,file:D:/Alliance University/Sem-3/Machine Learning Operations/project_august/Text-summarization/mlruns/1/a3271a1a469d482ab42e54056db28716/artifacts,2026-08-17 15:40:31.886000+00:00,2026-08-17 15:41:20.885000+00:00,0.16378962126558227,46.81818181818182,2937.640625,0.3927522222071849,,0.2689266177126129,0.0234375,,,0.8270453598410259,,,1,,7,,,,,,,,,LOCAL,Mahi,trial_7,D:\Alliance University\Sem-3\Machine Learning Operations\project_august\Text-summarization\src\tune.py,9ff4a5765db54e8fa9bafbe37a6030f4
4d5c02f76b1c456e98b43e7001837ff7,1,FINISHED,file:D:/Alliance University/Sem-3/Machine Learning Operations/project_august/Text-summarization/mlruns/1/4d5c02f76b1c456e98b43e7001837ff7/artifacts,2026-08-17 15:38:21.128000+00:00,2026-08-17 15:40:31.754000+00:00,0.17590095119371818,52.67272727272727,2940.5390625,0.4041738591867844,,0.27581020634270875,71.99609375,,,1.3929178517730005,,,6,,6,,,,,,,,,LOCAL,Mahi,trial_6,D:\Alliance University\Sem-3\Machine Learning Operations\project_august\Text-summarization\src\tune.py,9ff4a5765db54e8fa9bafbe37a6030f4
9274e9401cfc4ea48194c1e4c1ee8895,1,FINISHED,file:D:/Alliance University/Sem-3/Machine Learning Operations/project_august/Text-summarization/mlruns/1/9274e9401cfc4ea48194c1e4c1ee8895/artifacts,2026-08-17 15:37:17.378000+00:00,2026-08-17 15:38:21.004000+00:00,0.16378962126558227,64.63636363636364,2869.69140625,0.3927522222071849,,0.2689266177126129,1.0,,,0.8003795811230245,,,1,,5,,,,,,,,,LOCAL,Mahi,trial_5,D:\Alliance University\Sem-3\Machine Learning Operations\project_august\Text-summarization\src\tune.py,9ff4a5765db54e8fa9bafbe37a6030f4
c898a9d25bee46b1ba0f94628e3d1177,1,FINISHED,file:D:/Alliance University/Sem-3/Machine Learning Operations/project_august/Text-summarization/mlruns/1/c898a9d25bee46b1ba0f94628e3d1177/artifacts,2026-08-17 15:36:18.832000+00:00,2026-08-17 15:37:17.251000+00:00,0.16378962126558227,58.60454545454545,2871.82421875,0.3927522222071849,,0.2689266177126129,0.0,,,0.8797016908420281,,,1,,4,,,,,,,,,LOCAL,Mahi,trial_4,D:\Alliance University\Sem-3\Machine Learning Operations\project_august\Text-summarization\src\tune.py,9ff4a5765db54e8fa9bafbe37a6030f4
54e4fa8c5dda4110a5cca8d9ff533372,1,FINISHED,file:D:/Alliance University/Sem-3/Machine Learning Operations/project_august/Text-summarization/mlruns/1/54e4fa8c5dda4110a5cca8d9ff533372/artifacts,2026-08-17 15:34:54.120000+00:00,2026-08-17 15:36:18.707000+00:00,0.17533807154962014,62.59090909090909,2871.94140625,0.3975080554766768,,0.26753128022834666,2.62109375,,,2.493133349016314,,,3,,3,,,,,,,,,LOCAL,Mahi,trial_3,D:\Alliance University\Sem-3\Machine Learning Operations\project_august\Text-summarization\src\tune.py,9ff4a5765db54e8fa9bafbe37a6030f4
61c49f1f83744b3b9a109fb61329bac5,1,FINISHED,file:D:/Alliance University/Sem-3/Machine Learning Operations/project_august/Text-summarization/mlruns/1/61c49f1f83744b3b9a109fb61329bac5/artifacts,2026-08-17 15:32:53.208000+00:00,2026-08-17 15:34:53.896000+00:00,0.17329599567951184,54.85,2872.421875,0.3996356842674865,,0.2678129183506198,65.1875,,,2.385294106395289,,,5,,2,,,,,,,,,LOCAL,Mahi,trial_2,D:\Alliance University\Sem-3\Machine Learning Operations\project_august\Text-summarization\src\tune.py,9ff4a5765db54e8fa9bafbe37a6030f4
915e3ce0a8f04e30b3d9e5d90c04a14f,1,FINISHED,file:D:/Alliance University/Sem-3/Machine Learning Operations/project_august/Text-summarization/mlruns/1/915e3ce0a8f04e30b3d9e5d90c04a14f/artifacts,2026-08-17 15:31:54.443000+00:00,2026-08-17 15:32:53.081000+00:00,0.17669905687881898,46.85454545454545,2811.421875,0.3912648525698131,,0.2623099490816536,18.66796875,,,0.7057976327774798,,,2,,1,,,,,,,,,LOCAL,Mahi,trial_1,D:\Alliance University\Sem-3\Machine Learning Operations\project_august\Text-summarization\src\tune.py,9ff4a5765db54e8fa9bafbe37a6030f4
0928d9f9ee6940ee8408eaf85bca9e9b,1,FINISHED,file:D:/Alliance University/Sem-3/Machine Learning Operations/project_august/Text-summarization/mlruns/1/0928d9f9ee6940ee8408eaf85bca9e9b/artifacts,2026-08-17 15:30:18.789000+00:00,2026-08-17 15:31:54.189000+00:00,0.18628814812302197,46.63636363636363,2792.67578125,0.4080564283570511,,0.2848973521225924,848.70703125,,,2.0,,,4,,0,,,,,,,,,LOCAL,Mahi,trial_0,D:\Alliance University\Sem-3\Machine Learning Operations\project_august\Text-summarization\src\tune.py,9ff4a5765db54e8fa9bafbe37a6030f4
9ff4a5765db54e8fa9bafbe37a6030f4,1,FINISHED,file:D:/Alliance University/Sem-3/Machine Learning Operations/project_august/Text-summarization/mlruns/1/9ff4a5765db54e8fa9bafbe37a6030f4/artifacts,2026-08-17 15:30:18.385000+00:00,2026-08-17 16:03:40.195000+00:00,,,,,,,,0.2848973521225924,False,2.0,142,30,4,,,20,20,2.0,4,sshleifer/distilbart-cnn-6-6,,,,LOCAL,Mahi,optuna_tuning_sshleifer_distilbart-cnn-6-6,D:\Alliance University\Sem-3\Machine Learning Operations\project_august\Text-summarization\src\tune.py,
46d0817a91884031a69688f57743d8ba,1,FAILED,file:D:/Alliance University/Sem-3/Machine Learning Operations/project_august/Text-summarization/mlruns/1/46d0817a91884031a69688f57743d8ba/artifacts,2026-08-17 15:27:56.276000+00:00,2026-08-17 15:28:06.087000+00:00,,,,,,,,,,1.0665819751784005,,,6,,1,,,,,,,,,LOCAL,Mahi,trial_1,D:\Alliance University\Sem-3\Machine Learning Operations\project_august\Text-summarization\src\tune.py,0ce998ae51c740008bb970f5e2e41314
cd1a5026a4c746868ac2fa1cbebebadb,1,FINISHED,file:D:/Alliance University/Sem-3/Machine Learning Operations/project_august/Text-summarization/mlruns/1/cd1a5026a4c746868ac2fa1cbebebadb/artifacts,2026-08-17 15:26:54.853000+00:00,2026-08-17 15:27:55.781000+00:00,0.15296319433768665,43.43333333333333,2121.35546875,0.3897164768012017,,0.24976534691771873,178.5390625,,,2.0,,,4,,0,,,,,,,,,LOCAL,Mahi,trial_0,D:\Alliance University\Sem-3\Machine Learning Operations\project_august\Text-summarization\src\tune.py,0ce998ae51c740008bb970f5e2e41314
0ce998ae51c740008bb970f5e2e41314,1,FAILED,file:D:/Alliance University/Sem-3/Machine Learning Operations/project_august/Text-summarization/mlruns/1/0ce998ae51c740008bb970f5e2e41314/artifacts,2026-08-17 15:26:52.578000+00:00,2026-08-17 15:28:08.569000+00:00,,,,,,,,,,,,,,,,10,10,,,sshleifer/distilbart-cnn-6-6,,,,LOCAL,Mahi,optuna_tuning_sshleifer_distilbart-cnn-6-6,D:\Alliance University\Sem-3\Machine Learning Operations\project_august\Text-summarization\src\tune.py,
9e9b1059c8934c909bfab8b019dd5152,1,FINISHED,file:D:/Alliance University/Sem-3/Machine Learning Operations/project_august/Text-summarization/mlruns/1/9e9b1059c8934c909bfab8b019dd5152/artifacts,2026-08-17 15:21:35.880000+00:00,2026-08-17 15:22:13.943000+00:00,0.16057363713369582,51.1,2252.6171875,0.3734091344354452,,0.2396181753360342,18.546875,,,0.874513791298978,,,2,,2,,,,,,,,,LOCAL,Mahi,trial_2,D:\Alliance University\Sem-3\Machine Learning Operations\project_august\Text-summarization\src\tune.py,d3acf0b16d5c4ecf91c5833d20c26237
44d848cdd3834bf2999d71de3394b304,1,FINISHED,file:D:/Alliance University/Sem-3/Machine Learning Operations/project_august/Text-summarization/mlruns/1/44d848cdd3834bf2999d71de3394b304/artifacts,2026-08-17 15:20:34.352000+00:00,2026-08-17 15:21:35.645000+00:00,0.15569047381645573,50.333333333333336,2847.953125,0.3924176169874495,,0.24758608810395755,59.3359375,,,0.677941994110872,,,5,,1,,,,,,,,,LOCAL,Mahi,trial_1,D:\Alliance University\Sem-3\Machine Learning Operations\project_august\Text-summarization\src\tune.py,d3acf0b16d5c4ecf91c5833d20c26237
6ffbbdc784ff4c7f84d04ca8aa3410db,1,FINISHED,file:D:/Alliance University/Sem-3/Machine Learning Operations/project_august/Text-summarization/mlruns/1/6ffbbdc784ff4c7f84d04ca8aa3410db/artifacts,2026-08-17 15:19:38.393000+00:00,2026-08-17 15:20:34.088000+00:00,0.15296319433768665,46.9,2788.36328125,0.3897164768012017,,0.24976534691771873,845.7890625,,,2.0,,,4,,0,,,,,,,,,LOCAL,Mahi,trial_0,D:\Alliance University\Sem-3\Machine Learning Operations\project_august\Text-summarization\src\tune.py,d3acf0b16d5c4ecf91c5833d20c26237
d3acf0b16d5c4ecf91c5833d20c26237,1,FINISHED,file:D:/Alliance University/Sem-3/Machine Learning Operations/project_august/Text-summarization/mlruns/1/d3acf0b16d5c4ecf91c5833d20c26237/artifacts,2026-08-17 15:19:35.932000+00:00,2026-08-17 15:24:13.124000+00:00,,,,,,,,0.24976534691771873,False,2.0,142,30,4,,,10,3,2.0,4,sshleifer/distilbart-cnn-6-6,,,,LOCAL,Mahi,optuna_tuning_sshleifer_distilbart-cnn-6-6,D:\Alliance University\Sem-3\Machine Learning Operations\project_august\Text-summarization\src\tune.py,
dd9dad870f2b41bdb6afbc713e36b046,1,FINISHED,file:D:/Alliance University/Sem-3/Machine Learning Operations/project_august/Text-summarization/mlruns/1/dd9dad870f2b41bdb6afbc713e36b046/artifacts,2026-08-17 15:15:24.571000+00:00,2026-08-17 15:15:57.607000+00:00,0.16057363713369582,44.15833333333333,2368.76953125,0.3734091344354452,,0.2396181753360342,2.23046875,,,1.1841446381215068,,,2,,2,,,,,,,,,LOCAL,Mahi,trial_2,D:\Alliance University\Sem-3\Machine Learning Operations\project_august\Text-summarization\src\tune.py,046542f8bc764522882e3ea41e2780e5
a2943ee9f6f44354a8ad5ff4efb274f7,1,FINISHED,file:D:/Alliance University/Sem-3/Machine Learning Operations/project_august/Text-summarization/mlruns/1/a2943ee9f6f44354a8ad5ff4efb274f7/artifacts,2026-08-17 15:14:24.473000+00:00,2026-08-17 15:15:24.422000+00:00,0.15060873537945413,47.15,2474.96875,0.3902636913185072,,0.24228538460525623,58.5625,,,2.0476437332876682,,,5,,1,,,,,,,,,LOCAL,Mahi,trial_1,D:\Alliance University\Sem-3\Machine Learning Operations\project_august\Text-summarization\src\tune.py,046542f8bc764522882e3ea41e2780e5
1f503caa6ae345dd9679ea4e1997bb41,1,FINISHED,file:D:/Alliance University/Sem-3/Machine Learning Operations/project_august/Text-summarization/mlruns/1/1f503caa6ae345dd9679ea4e1997bb41/artifacts,2026-08-17 15:13:26.529000+00:00,2026-08-17 15:14:24.155000+00:00,0.15296319433768665,41.675000000000004,2413.05078125,0.3897164768012017,,0.24976534691771873,472.1875,,,2.0,,,4,,0,,,,,,,,,LOCAL,Mahi,trial_0,D:\Alliance University\Sem-3\Machine Learning Operations\project_august\Text-summarization\src\tune.py,046542f8bc764522882e3ea41e2780e5
046542f8bc764522882e3ea41e2780e5,1,FINISHED,file:D:/Alliance University/Sem-3/Machine Learning Operations/project_august/Text-summarization/mlruns/1/046542f8bc764522882e3ea41e2780e5/artifacts,2026-08-17 15:13:22.675000+00:00,2026-08-17 15:17:35.838000+00:00,,,,,,,,0.24976534691771873,False,2.0,142,30,4,,,10,3,2.0,4,sshleifer/distilbart-cnn-6-6,,,,LOCAL,Mahi,optuna_tuning_sshleifer_distilbart-cnn-6-6,D:\Alliance University\Sem-3\Machine Learning Operations\project_august\Text-summarization\src\tune.py,
46d87250a85f4eab886a426243ceb6d2,1,RUNNING,file:D:/Alliance University/Sem-3/Machine Learning Operations/project_august/Text-summarization/mlruns/1/46d87250a85f4eab886a426243ceb6d2/artifacts,2026-08-17 14:52:14.552000+00:00,,,,,,,,,,,1.4952913145904945,,,6,,2,,,,,,,,,LOCAL,Mahi,trial_2,src/tune.py,485005c31c6c4754a948a7a9b74293ab
84170bf2e91a478f8037fe94abbf7aee,1,FINISHED,file:D:/Alliance University/Sem-3/Machine Learning Operations/project_august/Text-summarization/mlruns/1/84170bf2e91a478f8037fe94abbf7aee/artifacts,2026-08-17 14:51:00.720000+00:00,2026-08-17 14:52:14.357000+00:00,,,,,,,,,,0.8992583552550399,,,5,,1,,,,,,failed,,,LOCAL,Mahi,trial_1,src/tune.py,485005c31c6c4754a948a7a9b74293ab
32825366cc8748e8bf7d8640e255d98f,1,FINISHED,file:D:/Alliance University/Sem-3/Machine Learning Operations/project_august/Text-summarization/mlruns/1/32825366cc8748e8bf7d8640e255d98f/artifacts,2026-08-17 14:47:10.756000+00:00,2026-08-17 14:51:00.459000+00:00,0.18628814812302197,47.46818181818182,2724.7109375,0.4080564283570511,,0.2848973521225924,781.0625,,,2.0,,,4,,0,,,,,,,,,LOCAL,Mahi,trial_0,src/tune.py,485005c31c6c4754a948a7a9b74293ab
485005c31c6c4754a948a7a9b74293ab,1,RUNNING,file:D:/Alliance University/Sem-3/Machine Learning Operations/project_august/Text-summarization/mlruns/1/485005c31c6c4754a948a7a9b74293ab/artifacts,2026-08-17 14:47:10.439000+00:00,,,,,,,,,,,,,,,,,20,20,,,sshleifer/distilbart-cnn-6-6,,,,LOCAL,Mahi,optuna_tuning_sshleifer_distilbart-cnn-6-6,src/tune.py,
31276262bbb94afaadd748f456711143,1,RUNNING,file:D:/Alliance University/Sem-3/Machine Learning Operations/project_august/Text-summarization/mlruns/1/31276262bbb94afaadd748f456711143/artifacts,2026-08-17 14:43:46.394000+00:00,,,,,,,,,,,1.5529109344529037,,,4,,14,,,,,,,,,LOCAL,Mahi,trial_14,src/tune.py,a38f7ed50c714edebd23361fb669caba
7a321c6c27314a3eae0229f1c86a27d2,1,FINISHED,file:D:/Alliance University/Sem-3/Machine Learning Operations/project_august/Text-summarization/mlruns/1/7a321c6c27314a3eae0229f1c86a27d2/artifacts,2026-08-17 14:41:18.289000+00:00,2026-08-17 14:43:46.218000+00:00,,,,,,,,,,1.2249775238307752,,,5,,13,,,,,,failed,,,LOCAL,Mahi,trial_13,src/tune.py,a38f7ed50c714edebd23361fb669caba
61769d2a775b4571a6a5ce04532989e1,1,FINISHED,file:D:/Alliance University/Sem-3/Machine Learning Operations/project_august/Text-summarization/mlruns/1/61769d2a775b4571a6a5ce04532989e1/artifacts,2026-08-17 14:39:11.952000+00:00,2026-08-17 14:41:18.151000+00:00,0.1864170141024034,48.67727272727273,2509.33203125,0.4080564283570511,,0.28449331171855197,0.0,,,1.2593762714033412,,,4,,12,,,,,,,,,LOCAL,Mahi,trial_12,src/tune.py,a38f7ed50c714edebd23361fb669caba
de555e913aaa4aa08f3177f52cf9770a,1,FINISHED,file:D:/Alliance University/Sem-3/Machine Learning Operations/project_august/Text-summarization/mlruns/1/de555e913aaa4aa08f3177f52cf9770a/artifacts,2026-08-17 14:36:43.840000+00:00,2026-08-17 14:39:11.810000+00:00,0.187892442544124,52.24090909090909,2512.0234375,0.4105588764040536,,0.28535284822165286,0.09765625,,,1.2045332203304806,,,4,,11,,,,,,,,,LOCAL,Mahi,trial_11,src/tune.py,a38f7ed50c714edebd23361fb669caba
c4169fa21fcd4c71a82df8f860732fe5,1,FINISHED,file:D:/Alliance University/Sem-3/Machine Learning Operations/project_august/Text-summarization/mlruns/1/c4169fa21fcd4c71a82df8f860732fe5/artifacts,2026-08-17 14:34:07.392000+00:00,2026-08-17 14:36:43.632000+00:00,0.1864170141024034,48.95454545454545,2511.8984375,0.4080564283570511,,0.28449331171855197,82.140625,,,1.25009009387079,,,4,,10,,,,,,,,,LOCAL,Mahi,trial_10,src/tune.py,a38f7ed50c714edebd23361fb669caba
ccb4b233ce744d5eaa27074e56caa225,1,FINISHED,file:D:/Alliance University/Sem-3/Machine Learning Operations/project_august/Text-summarization/mlruns/1/ccb4b233ce744d5eaa27074e56caa225/artifacts,2026-08-17 14:32:43.897000+00:00,2026-08-17 14:34:07.087000+00:00,0.17331693104585047,57.79545454545455,2430.2421875,0.38976883238829,,0.2599635635704943,2.578125,,,2.078987479241565,,,2,,9,,,,,,,,,LOCAL,Mahi,trial_9,src/tune.py,a38f7ed50c714edebd23361fb669caba
33807ae6905f4051b06e5823cdbb4429,1,FINISHED,file:D:/Alliance University/Sem-3/Machine Learning Operations/project_august/Text-summarization/mlruns/1/33807ae6905f4051b06e5823cdbb4429/artifacts,2026-08-17 14:30:44.142000+00:00,2026-08-17 14:32:43.762000+00:00,0.17331693104585047,50.904545454545456,2429.69921875,0.38976883238829,,0.2599635635704943,2.63671875,,,2.0108572571984826,,,2,,8,,,,,,,,,LOCAL,Mahi,trial_8,src/tune.py,a38f7ed50c714edebd23361fb669caba
144131e45f414015bbc51c607a9a304e,1,FINISHED,file:D:/Alliance University/Sem-3/Machine Learning Operations/project_august/Text-summarization/mlruns/1/144131e45f414015bbc51c607a9a304e/artifacts,2026-08-17 14:28:33.880000+00:00,2026-08-17 14:30:43.932000+00:00,0.17331693104585047,53.66818181818182,2429.3203125,0.38976883238829,,0.2599635635704943,0.95703125,,,2.471940051786089,,,2,,7,,,,,,,,,LOCAL,Mahi,trial_7,src/tune.py,a38f7ed50c714edebd23361fb669caba
6b046cf9f0464fe9b702d84daa895d88,1,FINISHED,file:D:/Alliance University/Sem-3/Machine Learning Operations/project_august/Text-summarization/mlruns/1/6b046cf9f0464fe9b702d84daa895d88/artifacts,2026-08-17 14:27:03.992000+00:00,2026-08-17 14:28:33.745000+00:00,0.17533807154962014,51.11363636363637,2445.72265625,0.3975080554766768,,0.26753128022834666,0.5234375,,,1.7662888115209592,,,3,,6,,,,,,,,,LOCAL,Mahi,trial_6,src/tune.py,a38f7ed50c714edebd23361fb669caba
c794eed7db744346a6d645e11b179c84,1,FINISHED,file:D:/Alliance University/Sem-3/Machine Learning Operations/project_august/Text-summarization/mlruns/1/c794eed7db744346a6d645e11b179c84/artifacts,2026-08-17 14:25:46.317000+00:00,2026-08-17 14:27:03.863000+00:00,0.17669905687881898,52.25454545454545,2506.9921875,0.3912648525698131,,0.2623099490816536,4.20703125,,,0.8437569871681854,,,2,,5,,,,,,,,,LOCAL,Mahi,trial_5,src/tune.py,a38f7ed50c714edebd23361fb669caba
15e1be30a8e2476a9f5b8097c3602541,1,FINISHED,file:D:/Alliance University/Sem-3/Machine Learning Operations/project_august/Text-summarization/mlruns/1/15e1be30a8e2476a9f5b8097c3602541/artifacts,2026-08-17 14:21:32.518000+00:00,2026-08-17 14:25:46.171000+00:00,0.17590095119371818,51.25909090909091,2516.08984375,0.4054782070128714,,0.2757066866739717,416.96875,,,1.6877063585838092,,,6,,4,,,,,,,,,LOCAL,Mahi,trial_4,src/tune.py,a38f7ed50c714edebd23361fb669caba
3b01a7e34e664b349215b5bee7b66c00,1,FINISHED,file:D:/Alliance University/Sem-3/Machine Learning Operations/project_august/Text-summarization/mlruns/1/3b01a7e34e664b349215b5bee7b66c00/artifacts,2026-08-17 14:16:41.533000+00:00,2026-08-17 14:21:32.305000+00:00,0.16230195908043654,51.51363636363636,2284.0859375,0.3851486846674735,,0.26376581562552354,133.28515625,,,0.7081839553987075,,,6,,3,,,,,,,,,LOCAL,Mahi,trial_3,src/tune.py,a38f7ed50c714edebd23361fb669caba
b979e64f2f2047129737f03722a757a6,1,FINISHED,file:D:/Alliance University/Sem-3/Machine Learning Operations/project_august/Text-summarization/mlruns/1/b979e64f2f2047129737f03722a757a6/artifacts,2026-08-17 14:14:00.609000+00:00,2026-08-17 14:16:41.339000+00:00,0.17866195961602555,50.540909090909096,2152.65234375,0.39032530548118727,,0.2600099258283731,6.07421875,,,0.5733101628158848,,,2,,2,,,,,,,,,LOCAL,Mahi,trial_2,src/tune.py,a38f7ed50c714edebd23361fb669caba
9da15dbb28e94a5f904e61edd6f9c564,1,FINISHED,file:D:/Alliance University/Sem-3/Machine Learning Operations/project_august/Text-summarization/mlruns/1/9da15dbb28e94a5f904e61edd6f9c564/artifacts,2026-08-17 14:13:02.734000+00:00,2026-08-17 14:14:00.471000+00:00,0.16378962126558227,47.24545454545455,2147.9296875,0.3927522222071849,,0.2689266177126129,4.1640625,,,2.3201805288484656,,,1,,1,,,,,,,,,LOCAL,Mahi,trial_1,src/tune.py,a38f7ed50c714edebd23361fb669caba
982a3fc1a2b24560b7d9735717f460ac,1,FINISHED,file:D:/Alliance University/Sem-3/Machine Learning Operations/project_august/Text-summarization/mlruns/1/982a3fc1a2b24560b7d9735717f460ac/artifacts,2026-08-17 14:10:56.405000+00:00,2026-08-17 14:13:02.371000+00:00,0.18628814812302197,46.85454545454545,2139.7109375,0.4080564283570511,,0.2848973521225924,195.59765625,,,2.0,,,4,,0,,,,,,,,,LOCAL,Mahi,trial_0,src/tune.py,a38f7ed50c714edebd23361fb669caba
a38f7ed50c714edebd23361fb669caba,1,RUNNING,file:D:/Alliance University/Sem-3/Machine Learning Operations/project_august/Text-summarization/mlruns/1/a38f7ed50c714edebd23361fb669caba/artifacts,2026-08-17 14:10:56.080000+00:00,,,,,,,,,,,,,,,,,20,20,,,sshleifer/distilbart-cnn-6-6,,,,LOCAL,Mahi,optuna_tuning_sshleifer_distilbart-cnn-6-6,src/tune.py,
fb978e2e2ab74f1f9133be736aa43f1e,1,FINISHED,file:D:/Alliance University/Sem-3/Machine Learning Operations/project_august/Text-summarization/mlruns/1/fb978e2e2ab74f1f9133be736aa43f1e/artifacts,2026-08-17 14:01:38.464000+00:00,2026-08-17 14:04:26.952000+00:00,0.14442834882187044,44.05833333333334,1192.28125,0.37389899630484424,7.149773263931275,0.23720129425994613,0.0,,,,,,,,,,,,,google/flan-t5-small,,20,cpu,LOCAL,Mahi,benchmark_google_flan-t5-small,src/train.py,
4627d8a63a9243d592241acc51c34739,1,FINISHED,file:D:/Alliance University/Sem-3/Machine Learning Operations/project_august/Text-summarization/mlruns/1/4627d8a63a9243d592241acc51c34739/artifacts,2026-08-17 13:59:35.101000+00:00,2026-08-17 14:01:37.895000+00:00,0.1413562662877409,44.6,1184.5546875,0.3635388772097091,2.8633185267448424,0.2424407100196168,250.265625,,,,,,,,,,,,,t5-small,,20,cpu,LOCAL,Mahi,benchmark_t5-small,src/train.py,
3dae4959706c412ba27b2298275218f7,1,FINISHED,file:D:/Alliance University/Sem-3/Machine Learning Operations/project_august/Text-summarization/mlruns/1/3dae4959706c412ba27b2298275218f7/artifacts,2026-08-17 13:53:49.831000+00:00,2026-08-17 13:59:34.307000+00:00,0.18628814812302197,49.275,1596.2421875,0.4080564283570511,5.985307812690735,0.2848973521225924,1137.1484375,,,,,,,,,,,,,sshleifer/distilbart-cnn-6-6,,20,cpu,LOCAL,Mahi,benchmark_sshleifer_distilbart-cnn-6-6,src/train.py,
